{"Africa:Guinea:Kankan:Kouroussa": [10.65, -9.883333], "Africa:Guinea:Boke:Koundara": [12.483333, -13.3], "Africa:Guinea:Kankan:Siguiri": [11.416667, -9.166667], "Africa:Guinea:Labe:Labe": [11.641159, -11.8891721], "Africa:Guinea:Kindia:Kindia": [10.066667, -12.85], "Africa:Liberia:Lofa": [8.191118399999999, -9.7232673], "Africa:Guinea:Mamou:Mamou": [10.5736024, -11.8891721], "Africa:Guinea:Faranah:Kissidougou": [9.183333, -10.1], "Africa:Guinea:Labe:Koubia": [11.583333, -11.9], "Africa:Guinea:Nzerekore:Nzerekore": [7.75, -8.816666999999999], "Africa:Sierra Leone:Southern:Bo": [7.9551791, -11.7409946], "Africa:Guinea:Boke:Fria": [10.3674543, -13.5841871], "Africa:Sierra Leone:Southern:Bonthe": [7.5732994, -12.3367235], "Africa:Guinea:Boke:Boke": [11.1864672, -14.1001326], "Africa:Guinea:Nzerekore:Gueckedou": [8.566666999999999, -10.133333], "Africa:Sierra Leone:Northern:Bombali": [9.2475837, -12.1632718], "Africa:Guinea:Kindia:Dubreka": [9.783332999999999, -13.516667], "Africa:Sierra Leone:Northern:Koinadugu": [9.5168769, -11.36363], "Africa:Sierra Leone:Northern:Kambia": [9.126166399999999, -12.9176518], "Africa:Sierra Leone:Northern:Port Loko": [8.766667, -12.7875], "Africa:Guinea:Nzerekore:Beyla": [8.683333, -8.633333], "Africa:Sierra Leone:Western:Western Rural": [8.3114983, -13.035694], "Africa:Liberia:Montserrado": [6.5525815, -10.5296115], "Africa:Liberia:River Gee": [5.2604894, -7.872159999999999], "Africa:Sierra Leone:Eastern:Kenema": [7.863214699999999, -11.1957172], "Africa:Guinea:Mamou:Dalaba": [10.692157, -12.250054], "Africa:Guinea:Kankan:Mandiana": [10.6172827, -8.6985716], "Africa:Liberia:Margibi": [6.5151875, -10.3048897], "Africa:Guinea:Labe:Tougue": [11.48785, -11.7992], "Africa:Guinea:Faranah:Faranah": [10.033333, -10.733333], "Africa:Liberia:Nimba": [6.8427612, -8.6600586], "Africa:Liberia:Bomi": [6.7562926, -10.8451467], "Africa:Guinea:Kindia:Coyah": [9.7, -13.383333], "Africa:Liberia:GrandBassa": [6.2308452, -9.8124935], "Africa:Guinea:Kindia:Forecariah": [9.433333, -13.083333], "Africa:Sierra Leone:Eastern:Kailahun": [8.277222, -10.573889], "Africa:Liberia:GrandKru": [4.7613862, -8.2212979], "Africa:Guinea:Boke:Boffa": [10.1808254, -14.0391615], "Africa:Guinea:Nzerekore:Macenta": [8.549999999999999, -9.466667], "Africa:Liberia:River Cess": [5.461411399999999, -9.575693399999999], "Africa:Guinea:Kankan:Kankan": [10.120923, -9.5450974], "Africa:Sierra Leone:Southern:Moyamba": [8.160556, -12.433333], "Africa:Guinea:Mamou:Pita": [11.059568, -12.395582], "Africa:Liberia:Gbapolu": [7.495263700000001, -10.0807298], "Africa:Guinea:Boke:Gaoual": [11.75, -13.2], "Africa:Guinea:Nzerekore:Lola": [7.8, -8.533332999999999], "Africa:Sierra Leone:Northern:Tonkolili": [8.9804274, -11.7947561], "Africa:Guinea:Kankan:Kerouane": [9.266667, -9.016667], "Africa:Liberia:Maryland": [4.7258878, -7.741670300000001], "Africa:Guinea:Nzerekore:Yamou": [7.566000000000001, -9.2533], "Africa:Liberia:Sinoe": [5.49871, -8.6600586], "Africa:Sierra Leone:Eastern:Kono": [8.7663285, -10.8903099], "Africa:Guinea:Kindia:Telimele": [10.9, -13.033333], "Africa:Guinea:Labe:Lelouma": [11.4739967, -12.6675575], "Africa:Liberia:Grand Cape Mount": [6.75, -11.366667], "Africa:Sierra Leone:Southern:Pujehun": [7.350556, -11.718056], "Africa:Sierra Leone:Western:Western Urban": [8.4545561, -13.2432632], "Africa:Guinea:Faranah:Dinguiraye": [11.3, -10.716667], "Africa:Guinea:Conakry:Conakry": [9.509167, -13.712222], "Africa:Guinea:Faranah:Dabola": [10.75, -11.116667], "Africa:Liberia:Bong": [6.829501899999999, -9.367308399999999], "Africa:Guinea:Labe:Mali": [12.083333, -12.3], "Africa:Liberia:GrandGedeh": [5.9222078, -8.2212979]}